Stage,Algorithm,Attack_Type,KL_Contribution
First_95,KU_batch,Benign,11.840901844220154
First_95,KU_batch,Portmap,-3.306237552331904
First_95,KU_batch,NetBIOS,-0.2567078218570706
First_95,KU_batch,LDAP,-2.742996823987793
First_95,KU_batch,MSSQL,-2.0531118443117946
First_95,KU_batch,UDP,23.120934225667853
First_95,KU_batch,UDPLag,0.09511785498426484
First_95,KU_batch,Syn,-4.926408422487354
First_95,KU_single,Benign,11.053821431405778
First_95,KU_single,Portmap,-0.9976255020692444
First_95,KU_single,NetBIOS,0.03294741497878411
First_95,KU_single,LDAP,-2.577259233050163
First_95,KU_single,MSSQL,4.195347397195278
First_95,KU_single,UDP,3.464639239544813
First_95,KU_single,UDPLag,-0.004462871026284197
First_95,KU_single,Syn,-5.301879743070657
First_95,Predictproba_batch,Benign,14.659755192518661
First_95,Predictproba_batch,Portmap,-3.3233851747168583
First_95,Predictproba_batch,NetBIOS,-0.24465106643012555
First_95,Predictproba_batch,LDAP,-2.6327074761019404
First_95,Predictproba_batch,MSSQL,-1.9576918851416882
First_95,Predictproba_batch,UDP,20.28142562044859
First_95,Predictproba_batch,UDPLag,0.03465735902799726
First_95,Predictproba_batch,Syn,-3.43956427938744
First_95,Predictproba_single,Benign,10.562381656821636
First_95,Predictproba_single,Portmap,-1.3404945947756113
First_95,Predictproba_single,NetBIOS,-0.059032385878056315
First_95,Predictproba_single,LDAP,-2.638841720877266
First_95,Predictproba_single,MSSQL,3.612566594916246
First_95,Predictproba_single,UDP,4.8712396267396905
First_95,Predictproba_single,UDPLag,-0.006757751801802741
First_95,Predictproba_single,Syn,-5.480359644345356
First_95,QBC,Benign,3.0367542586508156
First_95,QBC,Portmap,0.08956517901864404
First_95,QBC,NetBIOS,0.25581688433964966
First_95,QBC,LDAP,-1.4457049247020175
First_95,QBC,MSSQL,3.0513665509190644
First_95,QBC,UDP,6.460157809224787
First_95,QBC,UDPLag,-0.007994511256220325
First_95,QBC,Syn,-5.772083116092367
First_99,KU_batch,Benign,11.76694610014729
First_99,KU_batch,Portmap,-3.187610778014049
First_99,KU_batch,NetBIOS,-0.25456514828042576
First_99,KU_batch,LDAP,-2.0918816873772257
First_99,KU_batch,MSSQL,-0.8308111853350935
First_99,KU_batch,UDP,11.040075887334785
First_99,KU_batch,UDPLag,0.029349657288300957
First_99,KU_batch,Syn,-5.653662649620323
First_99,KU_single,Benign,7.7615315619308625
First_99,KU_single,Portmap,-0.7866250766128723
First_99,KU_single,NetBIOS,0.186115728469635
First_99,KU_single,LDAP,-2.773672527358701
First_99,KU_single,MSSQL,4.314514812512113
First_99,KU_single,UDP,1.8763867763294027
First_99,KU_single,UDPLag,0.009125112971445444
First_99,KU_single,Syn,-5.415391681183828
First_99,Predictproba_batch,Benign,10.482840868083233
First_99,Predictproba_batch,Portmap,-3.044054561547603
First_99,Predictproba_batch,NetBIOS,-0.25765788799959716
First_99,Predictproba_batch,LDAP,-0.8896847774257449
First_99,Predictproba_batch,MSSQL,-0.03661654752191586
First_99,Predictproba_batch,UDP,11.13183346762321
First_99,Predictproba_batch,UDPLag,0.13328410453349485
First_99,Predictproba_batch,Syn,-5.060947881220185
First_99,Predictproba_single,Benign,7.517085134609235
First_99,Predictproba_single,Portmap,-1.0243150897671403
First_99,Predictproba_single,NetBIOS,0.2207842405680309
First_99,Predictproba_single,LDAP,-2.744039165588151
First_99,Predictproba_single,MSSQL,4.919949379329478
First_99,Predictproba_single,UDP,1.7174740491779867
First_99,Predictproba_single,UDPLag,-0.0030386926132325784
First_99,Predictproba_single,Syn,-5.391021183918282
First_99,QBC,Benign,-0.47180631275610346
First_99,QBC,Portmap,-0.3193145738357715
First_99,QBC,NetBIOS,0.2967661360308243
First_99,QBC,LDAP,-2.2568096392447825
First_99,QBC,MSSQL,3.014665567997916
First_99,QBC,UDP,3.259922000984683
First_99,QBC,UDPLag,-0.004806746237445899
First_99,QBC,Syn,-1.9481709223603976
Second_99,KU_batch,Benign,9.732922799759903
Second_99,KU_batch,Portmap,-2.729164991291889
Second_99,KU_batch,NetBIOS,-0.20207670591178997
Second_99,KU_batch,LDAP,-1.7437492660781062
Second_99,KU_batch,MSSQL,0.803485053382855
Second_99,KU_batch,UDP,6.002731404291232
Second_99,KU_batch,UDPLag,0.0881343694732772
Second_99,KU_batch,Syn,-5.5139942778694335
Second_99,KU_single,Benign,7.390556736778765
Second_99,KU_single,Portmap,-1.1679554750327692
Second_99,KU_single,NetBIOS,0.03181214770129868
Second_99,KU_single,LDAP,-2.895825931242878
Second_99,KU_single,MSSQL,3.15118507137811
Second_99,KU_single,UDP,-0.16263682562493123
Second_99,KU_single,UDPLag,0.008307812155773265
Second_99,KU_single,Syn,-3.337397425933391
Second_99,Predictproba_batch,Benign,7.18402839253892
Second_99,Predictproba_batch,Portmap,-2.437318136770574
Second_99,Predictproba_batch,NetBIOS,-0.2265207811347601
Second_99,Predictproba_batch,LDAP,-1.3595314383044461
Second_99,Predictproba_batch,MSSQL,1.2994444944154941
Second_99,Predictproba_batch,UDP,8.450647602066288
Second_99,Predictproba_batch,UDPLag,0.029564860753700562
Second_99,Predictproba_batch,Syn,-5.577246955150677
Second_99,Predictproba_single,Benign,6.420048257759897
Second_99,Predictproba_single,Portmap,-1.0748293864998009
Second_99,Predictproba_single,NetBIOS,0.22979939949073683
Second_99,Predictproba_single,LDAP,-2.871187557088725
Second_99,Predictproba_single,MSSQL,4.135313430122029
Second_99,Predictproba_single,UDP,0.02191509100224983
Second_99,Predictproba_single,UDPLag,-0.008873031950009028
Second_99,Predictproba_single,Syn,-3.622890030204883
Second_99,QBC,Benign,-1.1580000633224474
Second_99,QBC,Portmap,-0.7050207024783786
Second_99,QBC,NetBIOS,0.17151042881625092
Second_99,QBC,LDAP,-2.7189253115125225
Second_99,QBC,MSSQL,1.7533412234418329
Second_99,QBC,UDP,0.4895171194817516
Second_99,QBC,UDPLag,0.011561674949219027
Second_99,QBC,Syn,3.820663268028486
Third_99,KU_batch,Benign,8.416906221470473
Third_99,KU_batch,Portmap,-2.6101976225979517
Third_99,KU_batch,NetBIOS,-0.08093942338929057
Third_99,KU_batch,LDAP,-1.6387912131308944
Third_99,KU_batch,MSSQL,1.5484698448216325
Third_99,KU_batch,UDP,3.5319194168589063
Third_99,KU_batch,UDPLag,0.07332813222668703
Third_99,KU_batch,Syn,-5.079348712474486
Third_99,KU_single,Benign,8.14155972153186
Third_99,KU_single,Portmap,-1.6983393000105294
Third_99,KU_single,NetBIOS,0.018223469304958766
Third_99,KU_single,LDAP,-2.945238197024172
Third_99,KU_single,MSSQL,1.721152766416598
Third_99,KU_single,UDP,-1.2428446833844204
Third_99,KU_single,UDPLag,0.033752090907974056
Third_99,KU_single,Syn,-1.1506201532415778
Third_99,Predictproba_batch,Benign,6.971099287280594
Third_99,Predictproba_batch,Portmap,-2.2771495347981805
Third_99,Predictproba_batch,NetBIOS,-0.17604801113657675
Third_99,Predictproba_batch,LDAP,-1.849112673316519
Third_99,Predictproba_batch,MSSQL,1.9864794014334712
Third_99,Predictproba_batch,UDP,5.005017986630624
Third_99,Predictproba_batch,UDPLag,0.05907908366005615
Third_99,Predictproba_batch,Syn,-5.235779252417644
Third_99,Predictproba_single,Benign,7.434005692964675
Third_99,Predictproba_single,Portmap,-1.6649292298333738
Third_99,Predictproba_single,NetBIOS,0.11271420467417624
Third_99,Predictproba_single,LDAP,-2.935759904948959
Third_99,Predictproba_single,MSSQL,2.342407569214064
Third_99,Predictproba_single,UDP,-1.2184953420219862
Third_99,Predictproba_single,UDPLag,-0.004581975122006942
Third_99,Predictproba_single,Syn,-1.2334202399743663
Third_99,QBC,Benign,-0.9922261064732931
Third_99,QBC,Portmap,-1.177843281016139
Third_99,QBC,NetBIOS,0.057913790401095094
Third_99,QBC,LDAP,-2.893003543416573
Third_99,QBC,MSSQL,0.3321826786535995
Third_99,QBC,UDP,-1.1586644867171056
Third_99,QBC,UDPLag,0.007356389361273102
Third_99,QBC,Syn,9.146321285890842
