Stage,Algorithm,Attack_Type,Percentage_Difference
First_95,KU_batch,Benign,55.021682567215976
First_95,KU_batch,Portmap,-31.884957583281597
First_95,KU_batch,NetBIOS,-73.04347826086956
First_95,KU_batch,LDAP,-43.799699118848054
First_95,KU_batch,MSSQL,-51.66193757600326
First_95,KU_batch,UDP,-73.68828354743847
First_95,KU_batch,UDPLag,
First_95,KU_batch,Syn,-46.825805123983955
First_95,KU_single,Benign,34.098872506504826
First_95,KU_single,Portmap,-14.814814814814806
First_95,KU_single,NetBIOS,12.521739130434796
First_95,KU_single,LDAP,-51.8375241779497
First_95,KU_single,MSSQL,-49.310903931901095
First_95,KU_single,UDP,-34.51478099365425
First_95,KU_single,UDPLag,
First_95,KU_single,Syn,-21.710052474534432
First_95,Predictproba_batch,Benign,52.65915004336518
First_95,Predictproba_batch,Portmap,-39.62342230498655
First_95,Predictproba_batch,NetBIOS,9.043478260869566
First_95,Predictproba_batch,LDAP,-43.21942832581131
First_95,Predictproba_batch,MSSQL,-44.12241588974464
First_95,Predictproba_batch,UDP,-69.89630088221638
First_95,Predictproba_batch,UDPLag,inf
First_95,Predictproba_batch,Syn,-48.37946290770655
First_95,Predictproba_single,Benign,27.739809193408522
First_95,Predictproba_single,Portmap,6.06248706807366
First_95,Predictproba_single,NetBIOS,20.347826086956506
First_95,Predictproba_single,LDAP,-49.83881366860091
First_95,Predictproba_single,MSSQL,-35.853263072557766
First_95,Predictproba_single,UDP,-21.002940721250596
First_95,Predictproba_single,UDPLag,inf
First_95,Predictproba_single,Syn,-32.009465994443865
First_95,QBC,Benign,21.193408499566363
First_95,QBC,Portmap,-5.814194082350512
First_95,QBC,NetBIOS,-28.34782608695653
First_95,QBC,LDAP,-53.38491295938104
First_95,QBC,MSSQL,-35.204702067288224
First_95,QBC,UDP,-43.50719702832381
First_95,QBC,UDPLag,inf
First_95,QBC,Syn,13.910896182734852
First_99,KU_batch,Benign,47.32255694342399
First_99,KU_batch,Portmap,-32.913885545464474
First_99,KU_batch,NetBIOS,-54.128440366972484
First_99,KU_batch,LDAP,-44.674825857691566
First_99,KU_batch,MSSQL,-46.74850799344444
First_99,KU_batch,UDP,-64.57039396786834
First_99,KU_batch,UDPLag,
First_99,KU_batch,Syn,-37.064767027695
First_99,KU_single,Benign,29.476855253490115
First_99,KU_single,Portmap,-21.895174526753458
First_99,KU_single,NetBIOS,20.655307994757543
First_99,KU_single,LDAP,-47.58153766030858
First_99,KU_single,MSSQL,-43.31302761371717
First_99,KU_single,UDP,-24.238535053743707
First_99,KU_single,UDPLag,inf
First_99,KU_single,Syn,-20.51319328341937
First_99,Predictproba_batch,Benign,40.618662747979464
First_99,Predictproba_batch,Portmap,-30.492942335047584
First_99,Predictproba_batch,NetBIOS,1.9397116644822976
First_99,Predictproba_batch,LDAP,-41.93737386888874
First_99,Predictproba_batch,MSSQL,-34.432109836420416
First_99,Predictproba_batch,UDP,-47.79868448192881
First_99,Predictproba_batch,UDPLag,inf
First_99,Predictproba_batch,Syn,-40.2195246056553
First_99,Predictproba_single,Benign,25.806024981631182
First_99,Predictproba_single,Portmap,-10.567348725243434
First_99,Predictproba_single,NetBIOS,18.820445609436447
First_99,Predictproba_single,LDAP,-45.56343988021614
First_99,Predictproba_single,MSSQL,-28.624880175639312
First_99,Predictproba_single,UDP,-11.990924300414823
First_99,Predictproba_single,UDPLag,inf
First_99,Predictproba_single,Syn,-31.51995347822926
First_99,QBC,Benign,17.827087925544976
First_99,QBC,Portmap,-11.352445562971862
First_99,QBC,NetBIOS,-15.465268676277844
First_99,QBC,LDAP,-56.409087950003254
First_99,QBC,MSSQL,-37.063607409010764
First_99,QBC,UDP,-31.24470011230031
First_99,QBC,UDPLag,inf
First_99,QBC,Syn,16.333502943955786
Second_99,KU_batch,Benign,40.83167161130293
Second_99,KU_batch,Portmap,-34.60663291427273
Second_99,KU_batch,NetBIOS,-31.287128712871283
Second_99,KU_batch,LDAP,-57.28167132272562
Second_99,KU_batch,MSSQL,-48.46375721093554
Second_99,KU_batch,UDP,-53.08593073057214
Second_99,KU_batch,UDPLag,
Second_99,KU_batch,Syn,-21.164651796356225
Second_99,KU_single,Benign,26.731676474879624
Second_99,KU_single,Portmap,-8.60401615564028
Second_99,KU_single,NetBIOS,23.1117397454031
Second_99,KU_single,LDAP,-50.598202356370706
Second_99,KU_single,MSSQL,-44.04000501630296
Second_99,KU_single,UDP,-12.133290421607724
Second_99,KU_single,UDPLag,inf
Second_99,KU_single,Syn,-24.792837277938613
Second_99,Predictproba_batch,Benign,31.13126793443896
Second_99,Predictproba_batch,Portmap,-17.74276124921784
Second_99,Predictproba_batch,NetBIOS,8.033946251768016
Second_99,Predictproba_batch,LDAP,-45.38442851937326
Second_99,Predictproba_batch,MSSQL,-31.859794331577636
Second_99,Predictproba_batch,UDP,-31.448518307627555
Second_99,Predictproba_batch,UDPLag,inf
Second_99,Predictproba_batch,Syn,-29.306430557920432
Second_99,Predictproba_single,Benign,25.57268615339719
Second_99,Predictproba_single,Portmap,-10.88230274759657
Second_99,Predictproba_single,NetBIOS,30.32531824611034
Second_99,Predictproba_single,LDAP,-53.12462042997694
Second_99,Predictproba_single,MSSQL,-35.19563581640329
Second_99,Predictproba_single,UDP,-0.49761097219815964
Second_99,Predictproba_single,UDPLag,inf
Second_99,Predictproba_single,Syn,-30.20744650661218
Second_99,QBC,Benign,12.799474733719126
Second_99,QBC,Portmap,-2.3693042835201186
Second_99,QBC,NetBIOS,1.6407355021216425
Second_99,QBC,LDAP,-60.700838090610965
Second_99,QBC,MSSQL,-38.6161274140958
Second_99,QBC,UDP,-7.5260564949372695
Second_99,QBC,UDPLag,inf
Second_99,QBC,Syn,13.827402236222245
Third_99,KU_batch,Benign,38.14309571079379
Third_99,KU_batch,Portmap,-37.853908793053876
Third_99,KU_batch,NetBIOS,-33.96355586996954
Third_99,KU_batch,LDAP,-56.45593927299222
Third_99,KU_batch,MSSQL,-49.892563778048114
Third_99,KU_batch,UDP,-42.54439694386366
Third_99,KU_batch,UDPLag,277.1428571428571
Third_99,KU_batch,Syn,-16.836166427934614
Third_99,KU_single,Benign,25.670712726767555
Third_99,KU_single,Portmap,0.11341410168575129
Third_99,KU_single,NetBIOS,27.412208136983097
Third_99,KU_single,LDAP,-57.62469475653679
Third_99,KU_single,MSSQL,-39.36217863395637
Third_99,KU_single,UDP,-11.446750061069544
Third_99,KU_single,UDPLag,816.6666666666663
Third_99,KU_single,Syn,-25.508097875918534
Third_99,Predictproba_batch,Benign,26.976135888432268
Third_99,Predictproba_batch,Portmap,-20.655787313949414
Third_99,Predictproba_batch,NetBIOS,-6.393126504718095
Third_99,Predictproba_batch,LDAP,-45.21982701926216
Third_99,Predictproba_batch,MSSQL,-33.603869702803685
Third_99,Predictproba_batch,UDP,-17.98583622723632
Third_99,Predictproba_batch,UDPLag,734.642857142857
Third_99,Predictproba_batch,Syn,-21.62122306869991
Third_99,Predictproba_single,Benign,24.672174539170243
Third_99,Predictproba_single,Portmap,1.774779827553765
Third_99,Predictproba_single,NetBIOS,47.15220806091521
Third_99,Predictproba_single,LDAP,-56.55121316572879
Third_99,Predictproba_single,MSSQL,-37.338788882599665
Third_99,Predictproba_single,UDP,-1.4293010910247892
Third_99,Predictproba_single,UDPLag,800.9523809523807
Third_99,Predictproba_single,Syn,-31.75628625875177
Third_99,QBC,Benign,10.62716637388163
Third_99,QBC,Portmap,10.299473573981851
Third_99,QBC,NetBIOS,16.8524625080347
Third_99,QBC,LDAP,-59.61667775896492
Third_99,QBC,MSSQL,-41.57318428242141
Third_99,QBC,UDP,-3.503700761631326
Third_99,QBC,UDPLag,571.7857142857142
Third_99,QBC,Syn,10.504147177257494
